{
  "class_weight": {
    "0": 0.16666666666666666,
    "1": 0.8333333333333334
  },
  "scale_pos_weight": 5.0
}